[{"capacity":30,"facilities":["AC","LCD_TV"],"name":"Abyss Watchers Bus","price":{"rebate":0.0,"price":125000.0},"departure":{"address":"Jl. Jatijajar 1 No.04, Jatijajar, Kec. Tapos, Jawa Barat","city":"DEPOK","stationName":"Terminal Jatijajar","id":0},"arrival":{"address":"Giwangan, Kec. Umbulharjo, Daerah Istimewa Yogyakarta","city":"YOGYAKARTA","stationName":"Terminal Giwangan","id":4},"busType":"REGULER","schedules":[{"departureSchedule":"Mar 3, 2023, 3:03:03 AM","seatAvailability":{"AF01":true,"AF02":true,"AF03":true,"AF04":true,"AF05":true,"AF06":true,"AF07":true,"AF08":true,"AF09":true,"AF10":true,"AF11":true,"AF12":true,"AF13":true,"AF14":true,"AF15":true,"AF16":true,"AF17":true,"AF18":true,"AF19":true,"AF20":true,"AF21":true,"AF22":true,"AF23":true,"AF24":true,"AF25":true,"AF26":true,"AF27":true,"AF28":true,"AF29":true,"AF30":true}}],"accountId":0,"id":0},{"capacity":20,"facilities":["TOILET","LUNCH","ELECTRIC_SOCKET"],"name":"Lothrics Chariot","price":{"rebate":0.0,"price":100000.0},"departure":{"address":"Giwangan, Kec. Umbulharjo, Daerah Istimewa Yogyakarta","city":"YOGYAKARTA","stationName":"Terminal Giwangan","id":4},"arrival":{"address":"Jalan Lingkar Selatan Nomor 7, Kota Sukabumi","city":"SUKABUMI","stationName":"Terminal Sukabumi","id":2},"busType":"MINIBUS","schedules":[],"accountId":1,"id":1}]