[{"address":"Jl. Jatijajar 1 No.04, Jatijajar, Kec. Tapos, Jawa Barat","city":"DEPOK","stationName":"Terminal Jatijajar","id":0},{"address":"RT.2/RW.8, Pasar Manggis, Kota Jakarta Selatan","city":"JAKARTA","stationName":"Terminal Manggarai","id":1},{"address":"Jalan Lingkar Selatan Nomor 7, Kota Sukabumi","city":"SUKABUMI","stationName":"Terminal Sukabumi","id":2},{"address":"Kasian, Bungurasih, Kabupaten Sidoarjo, Jawa Timur","city":"SURABAYA","stationName":"Terminal Purabaya","id":3},{"address":"Giwangan, Kec. Umbulharjo, Daerah Istimewa Yogyakarta","city":"YOGYAKARTA","stationName":"Terminal Giwangan","id":4}]